{
  "ADLS": {
    "storage_account": "sqlexternalto",
    "container_name": "rawdata",
    "configuration": {
      "storage_account_conf_key": "fs.azure.account.key.sqlexternalto.dfs.core.windows.net",
      "storage_account_conf_key_value": "H90pP7GomvGQbr1Z36IELtsDgYnYK3jn2kpbu4hmaD5GMU6pR/6h4z5D86X0dMrZDMot7rct0/AD+AStVFOTUg=="
    }
  },
  "path":{
    "customer_data":"/branches_directory/*.csv",
    "branch_data":"customers_directory",
    "transaction_data":"transactions_directory"
  }
}
